{"initial_reset_timestamp": 1630591297.0506737, "timestamps": [1630591298.4709575], "episode_lengths": [2], "episode_rewards": [-88.9538704264165], "episode_types": ["t"]}